SeriousDlqin2yrs,RevolvingUtilizationOfUnsecuredLines,age,NumberOfTime30-59DaysPastDueNotWorse,DebtRatio,MonthlyIncome,NumberOfOpenCreditLinesAndLoans,NumberOfTimes90DaysLate,NumberRealEstateLoansOrLines,NumberOfTime60-89DaysPastDueNotWorse,NumberOfDependents
0,0.047814426,65,0,1140.0,,10,0,1,0,0.0
0,0.004817116,56,0,0.155743168,4500.0,11,0,0,0,0.0
0,0.899815043,35,1,0.143671242,12458.0,12,0,2,0,0.0
0,0.075495391,64,1,0.500595096,4200.0,16,0,1,0,0.0
0,0.272780419,54,0,0.954579116,4050.0,15,0,2,0,0.0
0,0.324591885,41,0,389.0,,1,0,0,0,0.0
0,0.263186212,63,0,2633.0,,11,0,1,0,0.0
1,0.745925407,60,0,0.176672384,5246.0,9,2,1,0,0.0
0,0.191007151,48,3,0.619688521,5200.0,8,0,1,0,1.0
0,0.019380102,52,1,0.280327671,8300.0,12,0,1,0,0.0
0,0.066895981,48,0,3258.0,,8,0,1,0,0.0
0,0.943171068,46,0,0.626421697,8000.0,11,0,2,0,3.0
0,0.020469899,39,0,0.426833809,8056.0,12,0,2,0,0.0
0,0.195260893,51,0,2.331880528,7800.0,10,0,8,0,0.0
1,0.943352216,37,2,0.029035462,17116.0,4,0,0,0,2.0
1,0.993469684,51,11,0.534183397,3685.0,17,1,0,1,0.0
0,0.390176089,33,0,0.351740139,4309.0,5,0,0,0,0.0
0,0.19813058,40,0,0.126887311,10000.0,5,0,0,0,1.0
0,0.0,47,0,919.0,,11,0,2,0,0.0
0,0.828668485,57,0,3173.0,,8,0,1,0,0.0
0,0.028549286,74,0,0.097991968,2489.0,4,0,0,0,1.0
0,0.0,33,0,0.152096903,8750.0,5,0,1,0,2.0
0,0.427487759,32,0,0.38531848,3500.0,3,0,2,0,0.0
0,0.026402737,90,0,26.0,,2,0,0,0,0.0
0,0.0,61,0,0.51291308,3600.0,8,0,1,0,1.0
0,0.169354119,45,0,0.338995302,8300.0,8,0,1,0,2.0
0,0.014199527,61,0,0.302952676,7416.0,7,0,3,0,1.0
0,0.635601501,72,0,0.801646351,6316.0,10,0,2,0,0.0
0,0.178569678,42,0,0.265636718,6666.0,7,0,1,0,3.0
0,0.039272013,67,0,1406.0,,5,0,1,0,0.0
0,0.183520416,33,0,0.04411298,3150.0,8,0,0,0,0.0
0,0.0,50,0,0.0,,4,0,0,0,0.0
0,0.391152212,42,0,0.556295803,1500.0,5,0,1,0,1.0
0,0.005092887,65,0,1777.0,,22,0,2,0,0.0
0,0.03984696,68,0,0.008306414,6500.0,6,0,0,0,0.0
0,0.089453024,55,0,0.234568896,12409.0,11,0,2,0,0.0
0,0.026877561,65,0,1487.0,,7,0,2,0,0.0
0,0.000826378,37,0,0.270135276,4804.0,6,0,1,0,2.0
0,0.723793677,22,0,0.006496752,2000.0,1,0,0,0,0.0
0,0.190976128,96,0,0.029980013,1500.0,1,0,0,0,0.0
0,0.044176178,68,0,43.0,,4,0,0,0,
1,0.9999999,32,1,0.858190302,6000.0,6,0,2,0,3.0
0,0.108196169,56,0,0.252963862,7000.0,10,0,1,0,0.0
0,0.095663198,51,0,0.273768406,5500.0,8,0,2,0,0.0
0,1.016319869,42,0,0.157800785,2800.0,2,0,0,0,0.0
0,0.1844727,56,0,0.376834382,1907.0,11,0,0,0,4.0
0,0.017246701,65,0,0.020804245,7161.0,7,0,0,0,0.0
1,0.748427843,53,0,0.561371289,9800.0,13,1,3,0,0.0
0,0.359988158,39,1,0.910294746,2340.0,8,0,1,0,0.0
0,0.085459622,60,0,0.245808495,10735.0,9,0,2,0,1.0
0,0.079996445,49,0,1674.0,,7,0,2,0,0.0
0,0.867713229,36,0,0.313719943,3534.0,7,0,0,0,0.0
0,0.430137233,36,0,3235.0,,16,0,3,0,
0,0.205773208,38,0,0.194296897,3576.0,7,0,0,0,3.0
0,0.162584647,50,1,3327.0,,6,0,1,0,0.0
0,0.9999999,60,0,0.514175877,2080.0,6,0,1,0,0.0
0,0.124867196,70,0,0.009831695,6000.0,2,0,0,0,0.0
0,0.003886072,87,1,2.0,,5,0,0,0,0.0
0,0.032824179,54,0,0.005712612,6826.0,2,0,0,0,0.0
0,0.041226865,64,0,0.322838137,4509.0,3,0,0,0,1.0
0,0.234707412,51,0,0.670241287,3356.0,16,0,2,0,0.0
0,0.017929421,69,0,0.159284072,10000.0,13,0,1,0,0.0
0,0.072869021,67,0,0.408794079,6890.0,12,0,2,0,1.0
0,0.632252617,40,0,0.589927169,8100.0,8,0,2,0,2.0
0,0.010998331,38,0,0.549368143,7200.0,13,0,2,0,0.0
0,0.062257238,63,0,2119.0,,3,0,1,0,
0,0.02978627,79,0,216.0,,12,0,1,0,
0,0.037410945,34,0,0.078970081,6951.0,8,0,0,0,0.0
0,0.031414049,74,0,0.001979129,5557.0,6,0,0,0,0.0
0,0.02236689,79,0,32.0,,6,0,0,0,0.0
0,0.035943044,29,0,0.012098895,1900.0,5,0,0,0,0.0
0,0.173813715,49,2,0.185893775,3501.0,14,0,0,0,3.0
0,0.0,39,0,414.0,,3,0,0,0,
0,0.819027921,27,0,0.014197161,5000.0,2,0,0,1,0.0
0,0.081538198,61,0,0.528384279,2518.0,8,0,1,0,0.0
0,0.081145943,67,0,47.0,,2,0,0,0,0.0
0,0.02965144,75,0,0.836095764,542.0,14,0,0,0,0.0
0,0.060513223,65,0,0.106973874,14582.0,5,0,1,0,3.0
0,0.013892609,60,0,0.800640228,11245.0,26,0,8,0,0.0
0,0.034989963,58,0,119.0,,7,0,0,0,0.0
0,0.297357988,55,3,0.227577242,10000.0,8,0,1,0,0.0
0,0.627890802,27,1,0.053973013,2000.0,3,0,0,0,0.0
0,0.042873229,55,0,0.587140675,7200.0,7,0,1,0,1.0
0,1.024765421,64,3,0.452886248,2355.0,8,0,1,0,0.0
0,0.076100405,63,0,0.457631649,3740.0,9,0,1,0,1.0
0,0.003088144,41,0,0.000181818,10999.0,5,0,0,0,3.0
0,0.015490672,64,1,1034.0,,7,0,1,0,0.0
0,0.036671782,63,0,0.30102745,6520.0,5,0,1,0,2.0
0,0.028518826,64,0,23.0,,11,0,0,0,
0,0.216543525,38,0,0.532697548,2201.0,13,0,0,0,0.0
0,0.036784759,60,0,0.275944811,5000.0,19,0,1,0,1.0
0,0.766710253,58,0,0.36028953,8012.0,5,0,1,1,4.0
0,0.039973197,41,0,0.383009359,4166.0,5,0,1,0,3.0
0,0.020267798,31,0,0.073619632,325.0,2,0,0,0,0.0
0,0.03191751,50,0,0.00461503,13000.0,4,0,0,0,2.0
0,0.249961539,40,0,0.697234807,6400.0,8,0,2,0,0.0
0,0.441315879,59,0,0.524111388,8833.0,12,0,1,0,2.0
0,0.874334911,49,4,2146.0,,9,4,1,0,0.0
1,1.405315615,35,1,0.186026936,4751.0,4,0,0,0,0.0
0,0.037921893,80,0,72.0,,13,0,0,0,0.0
0,0.016463331,50,0,0.068149096,6250.0,6,0,1,0,0.0
0,0.097406035,27,0,0.042046807,2520.0,7,0,0,0,0.0
0,0.065645594,56,1,0.275246393,7000.0,19,0,1,0,0.0
0,0.010577377,51,0,847.0,,11,0,1,0,0.0
0,0.010851591,79,1,0.005387535,8166.0,16,0,0,0,0.0
0,0.092550526,43,0,0.363772705,6000.0,7,0,2,0,2.0
0,0.085776935,57,0,2.186511241,1200.0,11,0,1,0,0.0
0,0.287628071,52,0,0.389935011,6000.0,11,0,2,0,2.0
0,0.9999999,50,1,0.292784536,6000.0,4,0,1,0,2.0
0,0.162259205,67,0,1505.0,,9,0,1,1,1.0
0,0.89040932,56,0,1.946923077,1299.0,10,0,1,0,1.0
0,0.081930223,71,0,0.014661848,9684.0,5,0,0,0,0.0
0,0.405599762,38,0,0.334675739,7200.0,6,0,1,0,2.0
0,0.153916073,75,0,0.058797194,6700.0,5,0,0,0,1.0
0,0.048154048,63,0,12614.0,,20,0,9,0,0.0
0,0.801927817,62,0,0.542357189,10800.0,15,0,2,0,1.0
0,0.555892154,34,1,0.540229885,2000.0,5,1,0,1,0.0
0,0.153076938,35,0,0.261859793,9000.0,8,0,1,0,0.0
0,0.935953351,60,0,1.124352332,4631.0,25,0,1,0,1.0
0,0.24995001,66,0,0.175461231,7750.0,13,0,1,0,0.0
0,0.019608745,34,0,0.052139623,6846.0,7,0,0,0,0.0
0,0.162004577,37,0,0.324525786,16500.0,18,0,3,0,3.0
0,0.084686518,48,0,0.392967942,2900.0,7,0,2,0,1.0
0,0.012441823,56,0,0.352477726,13580.0,9,0,3,0,1.0
1,0.9999999,43,98,0.0,,0,98,0,98,0.0
0,0.069998272,75,0,0.246176256,1372.0,10,0,1,0,0.0
0,0.045305589,58,0,0.131988397,7583.0,12,0,1,0,2.0
0,0.683663267,68,1,0.645,2199.0,7,0,1,0,0.0
0,0.11138879,75,0,0.263903353,4800.0,11,0,1,0,0.0
0,0.055831472,60,0,0.21440846,7564.0,6,0,1,0,1.0
0,0.9301796,48,0,0.65338465,8833.0,9,0,2,0,1.0
0,0.439483781,32,1,0.050827423,3383.0,8,0,0,0,0.0
0,0.9999999,49,0,1284.0,,4,0,2,0,0.0
0,0.201665781,66,1,0.674497622,10300.0,13,0,7,0,0.0
0,0.012564671,60,0,0.51995667,12000.0,6,0,4,0,1.0
0,0.009901315,80,0,717.0,,11,0,2,0,0.0
0,18.0,64,0,1428.0,,4,0,1,0,
0,0.006063581,58,0,1512.0,,21,0,1,0,0.0
0,0.008000901,41,0,1.490339773,1500.0,38,0,1,0,0.0
0,0.9999999,50,0,0.035926273,3200.0,5,0,0,0,1.0
0,0.380152128,61,0,8268.0,,25,0,7,0,0.0
0,0.087687415,65,2,0.134480417,4416.0,9,0,0,0,0.0
0,0.454289669,71,0,0.742154368,2357.0,5,0,1,0,0.0
0,0.00384745,61,0,0.238521247,7600.0,11,0,1,0,0.0
0,0.28238823,45,0,0.323256751,2480.0,6,0,0,0,0.0
0,0.9999999,78,0,0.000499917,6000.0,4,0,0,0,0.0
0,0.008848013,47,0,14.0,,5,0,0,0,0.0
0,0.036276458,58,2,0.26897932,7494.0,30,0,1,1,1.0
0,0.045138693,78,0,23.0,,5,0,0,0,0.0
0,0.002066598,64,0,925.0,,4,0,1,0,0.0
0,0.11543633,54,0,0.263571991,8896.0,13,0,1,0,0.0
0,0.028626011,31,0,0.063437338,5800.0,7,0,0,0,0.0
0,0.9999999,49,0,0.147952444,5298.0,1,0,0,0,0.0
0,0.359724542,47,0,0.342283503,4133.0,9,0,1,0,2.0
0,0.906761655,38,0,0.065499547,3312.0,1,0,0,0,0.0
0,0.9999999,32,1,0.167772861,2711.0,1,1,0,0,2.0
0,0.051983852,61,0,0.23888741,7513.0,10,0,2,0,0.0
0,0.05339123,31,0,992.0,,11,0,1,0,0.0
1,0.9999999,32,0,439.0,,1,0,0,0,3.0
1,0.9999999,47,1,0.517038008,3051.0,4,2,1,0,0.0
0,0.016133486,60,0,0.349783862,5551.0,10,0,1,0,0.0
0,0.841395009,35,0,2457.0,,7,0,1,0,0.0
0,0.165858987,50,0,0.103452339,8486.0,9,0,0,0,0.0
0,0.517291112,41,0,0.158148063,8725.0,5,0,0,0,4.0
0,0.224824485,53,1,0.440409534,6250.0,7,0,1,0,3.0
0,0.14261218,57,0,0.454645814,5434.0,16,0,2,0,1.0
0,0.229057399,27,0,0.220259913,3000.0,10,0,0,0,0.0
0,0.019181951,71,0,0.080183963,5000.0,11,0,0,0,0.0
0,0.453895579,45,0,0.098123654,3250.0,4,0,0,0,0.0
0,0.033056879,60,0,0.105357601,3900.0,7,0,0,0,1.0
0,0.9999999,53,0,62.0,,0,1,0,0,0.0
0,0.05924717,64,0,1571.0,,12,0,1,0,0.0
0,0.089540049,52,0,0.197916667,7583.0,7,0,2,0,2.0
1,0.9999999,44,0,1.09310889,1900.0,1,3,1,0,0.0
0,0.9999999,45,0,0.472704715,4835.0,6,0,2,0,1.0
0,0.9999999,46,0,2735.0,,2,0,1,0,0.0
0,0.028457373,72,0,322.0,,8,0,1,0,0.0
0,0.806108536,32,0,0.224173251,3416.0,5,0,0,0,3.0
0,0.005094019,26,0,0.242973708,3308.0,9,0,2,0,1.0
1,0.9999999,44,0,0.692362598,1400.0,3,1,1,0,2.0
0,0.965451197,36,1,0.298671618,7000.0,5,0,0,0,4.0
0,0.135572885,38,0,0.325224551,2671.0,2,0,1,0,0.0
0,0.0,42,0,0.274788703,4850.0,6,0,1,0,3.0
0,0.25652264,85,2,0.26154769,5000.0,14,0,1,0,1.0
0,0.0,55,0,0.296536277,12500.0,13,0,2,0,0.0
0,0.351305269,62,0,0.283710814,13333.0,14,0,2,0,1.0
0,0.109910974,42,0,0.363917207,3236.0,10,0,1,0,0.0
0,0.708676377,38,0,2471.0,,7,0,1,0,0.0
0,0.0002303,57,0,49.0,,7,0,0,0,
0,0.134354198,51,0,0.478443214,5960.0,5,0,1,0,1.0
0,0.36963037,43,0,0.016393443,670.0,1,0,0,0,0.0
0,0.047973224,31,0,0.523743405,3600.0,8,0,1,0,0.0
0,0.025149103,76,0,1670.0,,26,0,1,0,0.0
0,0.51089782,67,0,0.046761047,2330.0,5,0,0,0,0.0
0,0.15689036,41,0,0.288871113,10000.0,4,0,1,0,0.0
0,7696.0,55,0,0.178210764,8416.0,3,0,1,0,0.0
0,0.066533621,61,0,0.401677968,8700.0,9,0,2,0,0.0
0,0.18392947,51,0,1697.0,,5,0,1,0,
0,0.317172045,34,0,1.016348774,1100.0,9,0,0,0,1.0
1,0.327787022,38,0,0.531893621,5000.0,6,0,1,1,4.0
0,0.237571197,84,0,0.380680966,6666.0,8,0,1,0,0.0
0,0.0394918,62,0,0.635815837,10620.0,8,0,2,0,0.0
0,0.0,43,0,0.306639839,2484.0,4,0,0,0,0.0
0,0.048756098,37,0,0.007383479,6500.0,4,0,0,0,0.0
0,0.003264992,63,0,0.21397147,7500.0,11,0,2,0,1.0
0,0.182801563,50,3,1987.0,,5,0,1,1,2.0
0,0.591604068,36,0,0.413742956,5500.0,7,0,2,0,2.0
0,0.296820966,40,0,0.128916145,7500.0,11,0,0,0,0.0
0,0.07286655,58,0,0.409624713,7833.0,4,0,1,0,2.0
0,0.171625962,27,0,0.200933022,3000.0,7,0,0,0,0.0
0,0.844244153,50,0,0.263090044,10083.0,10,0,1,0,3.0
0,0.754463648,39,0,0.209940017,3500.0,8,0,0,0,0.0
1,1.058159802,48,8,3082.0,,11,1,2,2,0.0
0,0.9999999,22,0,130.0,,0,0,0,0,
0,0.914929673,69,0,0.219431593,3025.0,2,0,0,0,1.0
0,0.00027827,71,2,0.0,10500.0,10,0,0,0,0.0
0,0.9999999,27,0,0.112265416,2983.0,1,2,0,0,2.0
0,0.911566971,65,1,0.255547769,4280.0,5,0,1,0,1.0
0,0.061432816,35,0,0.370866021,6500.0,11,0,1,0,0.0
0,0.01510574,49,0,779.0,,6,0,2,0,0.0
0,0.020132662,48,0,0.078732292,11011.0,5,0,1,0,1.0
0,0.0,59,0,899.0,,4,0,1,0,
0,0.214500617,52,0,0.378473754,6800.0,15,0,1,0,2.0
0,0.305222241,34,0,0.257254806,8166.0,10,0,2,0,0.0
0,0.9999999,87,0,0.0,3228.0,4,0,0,0,0.0
0,0.325415101,37,2,0.014550746,5497.0,2,0,0,0,2.0
0,0.007314613,60,0,470.0,,9,0,0,0,0.0
0,0.074878029,60,0,795.0,,21,0,0,0,0.0
0,0.22576166,56,1,0.350464116,8833.0,27,0,2,1,1.0
0,5118.0,29,0,0.667349552,3904.0,5,0,2,0,3.0
0,0.71746629,49,0,0.417577042,6132.0,11,0,1,0,0.0
0,0.405956536,50,0,0.58445668,15800.0,33,0,5,0,2.0
0,0.049948623,62,0,0.178896786,9988.0,4,0,1,0,1.0
0,0.05361034,65,0,1318.0,,4,0,1,0,0.0
0,0.033461782,44,0,1.243362832,4067.0,5,0,2,0,1.0
0,0.20870647,59,0,0.378455592,11900.0,13,0,2,1,0.0
0,0.161825835,62,0,0.421047043,9416.0,18,0,2,0,1.0
0,0.005076728,85,0,0.001295896,2314.0,4,0,0,0,0.0
0,0.790650334,49,0,0.358765366,7483.0,3,0,1,0,2.0
0,0.880239982,41,0,1290.0,,6,0,0,0,2.0
1,0.214494347,54,2,2792.0,,15,0,2,0,0.0
0,0.028383888,91,0,0.00846588,3897.0,3,0,0,0,0.0
0,0.0,64,0,0.248011519,14583.0,7,0,2,0,0.0
0,0.111714374,86,0,97.0,,4,0,0,0,0.0
0,0.17708286,40,0,0.080538133,11000.0,2,0,0,0,3.0
0,0.339016131,54,0,0.268582419,8838.0,9,0,2,0,1.0
0,0.401918543,40,0,148.0,,2,0,0,0,0.0
0,0.272846608,52,3,0.40078764,3300.0,16,0,2,0,2.0
0,0.9999999,37,0,0.0,,1,1,0,0,0.0
0,0.028825435,65,2,0.219471554,8401.0,15,0,1,0,0.0
0,0.085869194,45,1,0.483839752,5166.0,6,0,1,0,1.0
0,0.095599245,48,0,1948.0,,22,0,2,0,2.0
0,0.765327167,58,0,886.0,,5,0,0,0,0.0
0,0.020374491,58,0,0.355869242,6729.0,9,0,1,0,2.0
0,0.003576854,86,0,4.0,,5,0,0,0,0.0
0,0.102288297,53,0,1653.0,,6,0,1,0,0.0
0,0.019999206,55,0,14.0,,4,0,0,0,
0,0.006224922,53,0,0.226361449,13716.0,14,0,2,0,1.0
0,0.241254328,62,0,223.0,,6,0,0,0,1.0
0,0.765234765,27,0,0.172839506,2348.0,2,0,0,0,0.0
1,0.898362283,35,0,0.193307559,7500.0,5,0,1,0,1.0
0,0.036120485,58,0,0.00119994,6666.0,2,0,0,0,1.0
0,0.141987092,36,0,0.042435424,1083.0,3,0,0,0,0.0
0,0.105415569,43,0,0.244866628,5210.0,11,0,1,0,0.0
0,0.08191257,63,0,0.397891534,9200.0,18,0,2,0,2.0
0,0.00644652,39,1,1422.0,0.0,7,0,1,0,2.0
0,0.142285771,41,0,0.393537034,6250.0,4,0,2,0,0.0
0,0.537055098,67,0,0.437026015,20833.0,13,0,2,0,1.0
0,0.582045331,34,0,0.081007115,7307.0,5,0,0,0,2.0
0,0.033647568,53,0,0.074906367,800.0,14,0,0,0,0.0
0,0.871294474,55,0,0.539213974,5724.0,8,0,2,0,0.0
0,0.030318669,77,0,0.431698531,3608.0,7,0,2,0,0.0
0,0.025284811,66,0,31.0,,4,0,0,0,0.0
0,0.051329056,57,0,0.048915551,2166.0,5,0,0,0,3.0
0,0.181771987,63,0,0.345126221,5426.0,11,0,1,0,1.0
0,0.124635015,50,2,0.310473016,7800.0,7,0,2,0,2.0
0,0.026599391,62,0,0.074071225,13000.0,9,0,1,0,1.0
0,0.08293358,47,1,0.232316697,34000.0,7,0,2,0,4.0
0,0.0,71,0,0.000134048,7459.0,5,0,0,0,0.0
0,0.80141844,28,1,0.196267911,3000.0,5,0,0,2,0.0
0,0.046260499,54,0,0.263211189,15800.0,4,0,1,0,2.0
0,0.082073766,78,0,63.0,,7,0,0,0,0.0
0,0.008876155,59,0,0.084743083,6324.0,7,0,1,0,1.0
0,0.035964036,23,0,0.001218027,820.0,3,0,0,0,0.0
0,0.405478201,60,0,0.443450345,19000.0,20,0,2,0,1.0
0,0.042096433,72,0,0.041620422,1801.0,8,0,0,0,0.0
0,0.390221489,61,0,5553.0,,24,0,4,0,3.0
0,0.680933162,33,0,0.711881353,6000.0,11,0,2,0,0.0
0,0.206338218,51,0,160.0,,5,0,0,0,0.0
0,0.0,62,0,16.0,,1,0,0,0,0.0
0,0.038791721,38,0,19.25925926,107.0,7,0,3,0,2.0
1,0.9999999,35,0,179.0,,1,3,0,0,4.0
0,0.26926244,43,0,0.245365549,4800.0,6,0,1,0,1.0
0,0.9999999,29,0,0.0,820.0,1,0,0,0,0.0
0,0.04833117,45,0,2488.0,,7,0,2,0,2.0
0,0.9999999,47,1,0.283988335,7200.0,10,0,2,0,3.0
0,0.61342054,38,0,0.406455298,3500.0,11,0,0,0,3.0
0,0.098409011,48,0,6698.0,,11,0,7,0,1.0
0,0.009925742,76,0,0.00509898,3333.0,15,0,0,0,0.0
0,0.055603174,60,0,0.33235145,41416.0,15,0,5,0,2.0
0,0.198958528,59,1,0.208855823,16666.0,5,0,2,0,1.0
0,0.905261842,26,0,0.313340228,2900.0,3,0,0,0,0.0
0,0.698878904,48,0,0.395500341,13200.0,15,0,2,0,1.0
0,0.235418915,50,0,0.479480675,6700.0,16,0,1,0,1.0
0,0.050122535,42,1,0.273399843,8920.0,7,0,1,0,2.0
0,0.0,53,0,0.110206929,4300.0,14,0,0,0,2.0
0,0.017533571,62,0,0.108673777,4968.0,15,0,1,0,0.0
0,0.162052217,34,0,0.416633347,2500.0,7,0,0,0,0.0
0,0.002470298,60,0,1.753948039,1962.0,14,0,2,0,0.0
0,0.00735472,51,0,0.222398682,17000.0,9,0,2,0,1.0
0,0.300673987,59,0,0.446592235,6000.0,8,0,1,0,2.0
0,0.666359022,31,0,0.127971562,4500.0,5,0,0,0,0.0
0,0.010412218,69,0,0.313537293,5000.0,19,0,2,0,0.0
0,0.007522621,67,0,0.341010207,3820.0,15,0,2,0,1.0
0,0.9999999,62,0,34.0,,0,0,0,0,0.0
0,0.07458531,63,0,0.022391044,2500.0,4,0,0,0,0.0
0,0.006478691,55,0,0.572272476,5416.0,15,0,1,0,0.0
0,0.001194411,79,0,1.0,,3,0,0,0,0.0
0,0.841087826,53,2,0.25861931,12500.0,8,0,2,0,1.0
0,0.0,59,0,0.381032797,11250.0,15,0,2,0,0.0
0,0.003071209,68,0,0.001824818,547.0,8,0,0,0,0.0
0,0.0,42,0,0.539134662,2056.0,5,0,0,0,3.0
0,0.945152985,28,2,0.253880558,3800.0,7,0,0,0,1.0
0,0.0,72,1,0.142169245,12667.0,9,0,2,0,0.0
0,0.377124899,44,0,0.182742592,6883.0,4,0,1,0,2.0
0,0.033587848,82,0,0.023992003,3000.0,5,0,0,0,0.0
0,0.157286217,57,0,0.553658949,5916.0,25,0,2,0,1.0
0,0.078544752,36,0,208.0,,9,0,0,0,0.0
0,0.938106189,46,1,0.215464089,6000.0,11,0,0,0,2.0
0,0.340786969,57,0,0.356386456,7648.0,11,0,2,0,1.0
0,0.166166767,55,0,0.535011355,5283.0,9,0,1,0,0.0
0,3.32e-05,70,0,0.193499622,2645.0,11,0,0,0,0.0
0,0.0024724,50,0,926.0,,7,0,0,0,0.0
0,0.424287768,63,0,0.448775527,11800.0,16,0,2,3,2.0
0,0.0,56,0,3182.0,,24,0,2,0,0.0
0,0.723579467,37,0,0.224520309,8025.0,8,0,0,0,1.0
0,0.15679665,57,0,0.108978204,5000.0,13,0,0,0,1.0
0,0.15292893,35,0,0.329023519,8120.0,10,0,1,0,0.0
0,0.16571414,77,0,0.538827528,5884.0,11,0,2,0,2.0
0,0.017509173,59,0,0.365119461,9500.0,8,0,2,0,0.0
0,0.261497739,31,0,0.626271333,5800.0,14,0,1,0,0.0
0,0.3277747,57,0,0.342742557,6482.0,12,0,1,0,1.0
0,0.013544705,65,0,18.0,,6,0,0,0,0.0
0,0.028938608,36,0,0.306267474,8583.0,9,0,1,0,1.0
0,0.003266449,61,0,0.044991002,1666.0,3,0,0,0,1.0
0,0.141971606,64,0,0.085728568,4000.0,2,0,0,0,0.0
0,0.004092833,38,0,2824.0,,7,0,1,0,0.0
0,0.065614748,48,1,1292.0,,7,0,2,0,
0,0.028019892,62,0,1.95241711,3950.0,7,0,1,0,0.0
1,0.991648041,26,1,0.093287948,9400.0,7,0,0,0,1.0
0,0.072429023,33,0,2654.0,,10,0,2,0,3.0
0,0.0,56,0,0.049112142,6250.0,12,0,0,0,1.0
0,0.30321742,38,0,0.105186902,3450.0,3,0,0,0,0.0
1,0.024080605,64,0,0.244777718,5600.0,6,0,1,0,0.0
0,0.015726796,51,0,2918.0,0.0,8,0,2,0,0.0
0,0.016821105,79,0,19.0,,4,0,0,0,0.0
1,0.629805975,51,4,0.581629944,3766.0,9,0,2,0,2.0
0,0.088878343,45,0,0.101492946,7300.0,6,0,0,0,0.0
0,0.12905524,33,0,0.704900377,1856.0,10,0,0,0,2.0
1,0.501424501,44,1,50.0,,1,0,0,0,0.0
0,0.622091206,44,0,0.639705882,4079.0,9,0,1,0,2.0
0,0.143043953,48,1,0.399016247,6708.0,7,0,1,0,0.0
0,0.0,79,0,0.0,,3,0,0,0,
0,0.805539815,71,0,0.319925599,4300.0,4,0,0,0,0.0
0,0.012554869,60,0,0.229070085,7333.0,9,0,1,0,0.0
0,0.0,31,2,0.267057569,1875.0,8,0,0,0,0.0
0,0.387588718,48,1,0.296555009,6298.0,10,0,1,0,2.0
0,0.026055258,58,0,41.0,,7,0,0,0,0.0
1,0.9999999,56,0,0.0,,0,1,0,0,0.0
0,0.01869776,54,0,0.409577363,5512.0,7,0,1,0,0.0
0,0.104544773,49,0,2135.0,,6,0,2,0,1.0
0,0.00028571,87,1,0.484378905,4000.0,12,0,1,0,0.0
0,0.058617116,37,0,0.361031948,20000.0,11,0,3,0,2.0
0,0.059481081,49,0,0.49519702,5100.0,6,0,3,0,2.0
0,0.481130657,48,0,1.37171418,2700.0,11,0,1,0,0.0
0,0.150330902,71,1,0.186180849,4500.0,10,0,1,0,0.0
0,0.0091951,29,0,0.001590548,4400.0,4,0,0,0,0.0
0,0.036322639,57,0,0.262691527,5416.0,7,0,1,0,2.0
0,0.742003972,40,1,0.572952087,6469.0,6,0,1,0,0.0
0,0.488333569,59,0,0.402596293,11708.0,12,0,2,0,0.0
0,0.0,67,0,1318.0,,5,0,1,0,0.0
0,0.631684206,50,0,0.288829635,10500.0,7,0,1,0,0.0
0,0.590264318,34,0,0.339088472,9324.0,12,0,2,0,1.0
0,0.143512528,46,0,0.005476118,6573.0,1,0,0,0,0.0
0,0.10551114,54,0,0.299077077,4008.0,16,0,1,0,3.0
0,0.9999999,70,0,0.185541278,10816.0,1,0,1,0,0.0
0,0.014061516,76,0,0.003428327,9333.0,3,0,0,0,0.0
0,0.555420957,56,2,0.411129373,4258.0,7,1,2,1,0.0
0,0.486612428,43,0,0.437166006,5800.0,8,0,1,0,2.0
0,0.067645737,53,0,3.352272727,1583.0,24,0,6,0,0.0
0,0.018533241,64,1,31.0,,4,0,0,0,
0,0.143376616,39,0,0.155995812,12416.0,10,0,2,0,0.0
0,0.82913034,29,0,4023.0,,10,0,1,0,0.0
0,0.057387692,52,0,0.225352113,2200.0,4,0,1,0,0.0
0,0.0,55,1,0.722670106,3100.0,16,0,2,0,0.0
1,0.925216534,36,4,0.847475006,3900.0,18,0,1,1,2.0
0,0.0,59,0,1366.0,,6,0,2,0,0.0
0,0.114839527,58,0,0.511494253,6089.0,10,0,1,0,0.0
0,0.0,61,0,5030.0,,8,0,1,0,
0,0.29788628,85,1,0.560523446,1833.0,14,0,1,0,0.0
0,0.9999999,25,0,82.0,,2,0,0,0,
0,0.0,58,0,0.596147774,3166.0,4,0,1,0,0.0
0,0.04964539,82,0,12.0,,1,0,0,0,
0,0.31556148,36,0,0.359017076,2400.0,4,0,0,0,2.0
0,0.020936565,26,0,0.525959368,3100.0,9,0,1,0,0.0
0,0.68333278,35,0,0.432816296,5350.0,12,0,1,0,0.0
0,0.9999999,34,98,0.010934083,3200.0,0,98,0,98,0.0
0,0.072189253,44,1,0.183504148,4097.0,6,0,0,0,2.0
0,0.013993476,58,0,1.335731415,1667.0,9,0,1,0,1.0
0,0.213545836,53,0,0.213866623,12100.0,14,0,2,0,2.0
0,0.049487332,62,0,1.529235382,2000.0,9,0,1,0,0.0
0,0.235288696,61,0,0.407274468,4178.0,7,0,2,0,0.0
0,0.770486953,47,1,0.323645206,8635.0,8,0,1,0,1.0
1,0.728609897,56,0,0.451196647,9066.0,13,0,4,0,1.0
0,0.00509661,68,0,5.0,,5,0,0,0,0.0
0,5186.0,43,0,0.211157768,5000.0,4,0,1,0,2.0
0,0.9031627,61,0,0.146911898,4403.0,5,0,0,0,1.0
0,0.064321889,56,0,0.165127281,13316.0,10,0,1,0,2.0
0,0.203516738,31,0,0.418089525,6500.0,8,0,3,0,0.0
0,0.174728159,33,1,0.375939065,9583.0,13,0,2,0,2.0
0,0.397583124,31,0,0.143702451,2365.0,8,0,0,0,0.0
0,0.037995251,70,0,0.282232012,3404.0,3,0,1,0,0.0
0,0.925671606,50,0,0.609055021,8105.0,10,0,3,0,0.0
0,0.237467018,50,2,0.420795379,4500.0,11,0,1,0,2.0
0,0.04744479,69,0,0.053053525,4240.0,5,0,0,0,2.0
0,0.191525068,43,0,0.604409857,3083.0,4,0,1,0,0.0
0,0.149114307,40,0,0.407836714,7936.0,10,0,1,0,0.0
0,0.0,93,0,0.0,3545.0,1,0,0,0,0.0
0,0.9999999,34,0,0.16950693,4400.0,1,0,0,0,0.0
0,0.600739926,61,0,0.758659852,1760.0,5,0,1,0,1.0
0,0.000969579,46,0,1488.0,,3,0,1,0,3.0
0,0.0,83,0,1847.0,,6,0,1,0,
0,0.290872089,28,0,0.732394366,2200.0,8,0,1,0,1.0
0,0.033693325,82,0,0.220794059,3500.0,7,0,0,0,0.0
0,0.472402032,37,0,0.553201015,6700.0,11,0,1,0,0.0
0,0.744348688,61,0,4088.0,,7,0,1,0,0.0
0,0.06187785,58,1,0.229855403,16666.0,11,0,2,0,0.0
0,0.167808012,73,0,0.023049153,3600.0,2,0,0,0,0.0
0,0.064120458,53,0,2952.0,,8,0,2,0,2.0
0,0.9999999,40,1,0.060428177,2895.0,3,0,0,0,0.0
1,0.392248482,50,0,1.595253368,4676.0,14,0,3,0,1.0
0,0.016162654,59,0,0.847152847,1000.0,6,0,1,0,0.0
0,0.094725511,49,0,0.379608557,8787.0,17,0,4,0,0.0
0,0.081974597,77,0,27.0,,4,0,0,0,
0,0.921748352,54,0,0.581437671,5494.0,12,0,1,0,0.0
1,0.997571775,33,0,0.808064136,4240.0,8,0,2,0,2.0
0,0.173536529,67,0,0.336394245,9800.0,8,0,2,0,0.0
0,0.021135547,57,0,0.198823859,3570.0,17,0,1,0,1.0
0,0.50631517,75,0,0.46070536,3600.0,7,0,1,0,0.0
0,0.193615335,67,0,0.334895345,3200.0,4,0,1,0,0.0
0,0.040433857,53,0,0.406313458,5416.0,12,0,2,0,0.0
0,0.160947124,35,0,1863.0,,3,0,1,0,
0,0.052051262,44,0,0.156179885,10250.0,6,0,1,0,3.0
1,0.578307584,62,2,0.755289788,3260.0,14,0,1,2,0.0
0,0.067205533,42,1,0.951442445,3500.0,6,0,2,0,1.0
0,0.882235529,35,0,0.111271975,4834.0,3,0,0,2,0.0
0,0.036566057,81,0,0.009998462,6500.0,2,0,0,0,0.0
0,0.688051991,32,0,2588.0,,6,1,2,0,1.0
0,0.9999999,60,0,0.168244234,7500.0,7,0,1,0,0.0
0,9.45e-05,76,0,0.000155812,6417.0,10,0,0,0,0.0
0,0.9999999,34,0,0.0,2781.0,0,0,0,0,2.0
0,0.0,46,0,3101.0,,11,0,2,0,1.0
0,0.416194602,22,0,0.014993753,2400.0,2,0,0,0,0.0
0,0.131668558,56,0,1682.0,,4,0,1,0,0.0
0,0.661333407,46,0,0.611171484,4600.0,16,0,1,0,1.0
0,0.694457551,41,0,0.458885279,4000.0,10,0,2,0,2.0
0,0.019002989,65,0,0.45711477,4068.0,10,0,1,0,1.0
0,0.960451977,24,1,0.109556178,2500.0,2,3,0,0,0.0
0,0.087196829,61,1,0.619672541,8000.0,13,0,4,0,0.0
0,0.017615839,86,0,0.009553433,4500.0,10,0,0,0,0.0
0,0.9999999,35,1,0.0,2600.0,4,0,0,0,0.0
0,0.0,64,0,0.495426195,4809.0,8,0,2,0,3.0
0,0.0,32,0,0.39307486,4100.0,9,0,2,0,2.0
0,0.931517121,39,0,0.08013141,7000.0,4,0,0,0,5.0
0,0.092322514,60,2,0.250139587,10745.0,20,0,2,0,2.0
0,0.022098011,63,0,0.242501,7500.0,17,0,2,0,0.0
0,0.162547431,37,2,0.225918093,5200.0,7,0,2,1,0.0
0,0.265348566,49,0,0.271734382,11444.0,10,0,2,0,0.0
0,0.204810829,30,0,0.055540128,3600.0,6,0,0,0,0.0
0,0.0,48,0,0.251426913,10336.0,8,0,2,0,1.0
0,0.711655393,49,1,0.48149995,10026.0,23,0,2,0,2.0
0,0.26804623,36,0,0.3626,4999.0,14,0,1,0,0.0
0,0.9999999,30,1,0.219147345,1336.0,1,0,0,0,0.0
0,0.10542066,44,0,0.016383355,13000.0,5,0,0,0,2.0
0,0.034346103,63,0,0.116750786,10500.0,24,0,2,0,0.0
1,1.03986711,38,4,0.101004464,14335.0,5,2,0,1,3.0
0,0.371217823,70,0,0.280089989,8000.0,5,0,1,0,0.0
0,0.87470217,85,2,2.205947955,1344.0,14,0,1,0,0.0
0,0.0,79,0,0.055736066,4000.0,11,0,0,0,0.0
0,0.023237542,58,0,0.812428571,6999.0,19,0,3,0,1.0
0,0.079202042,48,0,0.042747863,6666.0,21,0,0,0,2.0
0,0.259017232,62,0,0.264458843,4166.0,12,0,0,0,0.0
0,0.732315929,54,1,0.599452198,7666.0,14,0,2,1,0.0
0,0.163443067,51,0,0.317826501,15734.0,8,0,3,0,0.0
0,0.015234871,73,0,339.0,,12,0,0,0,0.0
0,0.9999999,55,0,0.387661234,10000.0,9,0,1,0,4.0
0,0.386137074,55,0,0.132645092,52500.0,20,0,3,0,2.0
1,1.157752738,32,0,0.796513831,7916.0,4,5,1,1,1.0
0,0.577234584,37,0,0.307956006,7000.0,11,0,0,0,3.0
0,0.534015032,33,0,0.221682617,7000.0,7,0,0,0,0.0
0,0.02756749,33,1,0.838053982,3000.0,4,0,1,0,1.0
0,0.257241157,69,1,0.288913774,6250.0,11,0,0,0,0.0
0,0.504714681,57,0,0.392955801,11583.0,15,0,2,0,0.0
0,0.561364479,39,0,0.142245073,3500.0,5,0,0,0,3.0
0,0.855456276,47,0,0.118270882,9900.0,7,0,0,0,0.0
0,0.049993334,32,2,0.839369029,4500.0,4,0,1,1,3.0
0,0.178347423,58,0,0.211457708,3333.0,3,0,0,0,0.0
0,0.9999999,39,0,0.101529903,2875.0,1,1,0,0,3.0
0,0.153769024,47,0,0.362656147,7604.0,6,0,2,0,1.0
0,0.044790249,70,0,396.0,,4,0,1,0,0.0
0,1.08922505,53,1,0.518576661,1910.0,3,0,0,0,1.0
0,0.008906347,57,0,0.662880509,2200.0,10,0,2,0,0.0
0,0.280271643,53,1,2290.0,,18,0,1,0,0.0
0,0.354353408,34,0,0.278576564,2781.0,4,0,0,0,0.0
0,0.470562883,26,0,0.973856209,764.0,6,0,0,1,0.0
0,0.031296593,63,0,0.059917943,24616.0,16,0,0,0,0.0
0,0.217509741,51,0,0.194808178,4352.0,5,0,2,0,0.0
0,0.004599693,23,0,0.007769145,900.0,2,0,0,0,0.0
1,0.9999999,79,0,0.0,,0,2,0,1,0.0
0,0.590530236,56,0,0.398861714,6500.0,7,0,2,0,0.0
0,0.657485143,41,0,0.358477971,2995.0,8,0,0,0,1.0
0,0.011982701,64,0,0.003375899,6812.0,8,0,0,0,2.0
1,0.917080085,38,0,0.101123596,800.0,9,0,0,0,0.0
0,0.0,48,0,0.241959673,6000.0,5,0,1,0,0.0
0,0.389024439,42,0,0.581083783,5000.0,6,0,1,0,5.0
0,0.205143984,62,0,0.255521871,6926.0,16,0,1,0,0.0
0,0.083721508,49,0,923.0,,4,0,1,0,0.0
0,0.06629218,83,0,2768.0,,8,0,1,0,0.0
0,0.0,54,0,0.354065579,6800.0,8,0,2,0,0.0
0,0.22692861,72,0,0.272083017,3950.0,6,0,0,0,0.0
0,0.039816443,74,0,0.0324797,1600.0,10,0,0,0,0.0
0,0.000965451,78,0,1568.0,,4,0,1,0,0.0
0,0.335103129,56,2,0.513571665,12083.0,21,0,3,0,1.0
1,0.903395311,47,6,0.85553379,4083.0,8,5,2,1,1.0
0,0.9999999,91,0,0.00099975,4000.0,4,0,0,0,0.0
0,0.99594988,27,0,566.0,0.0,3,0,0,0,0.0
0,0.9999999,24,0,0.165254237,1179.0,1,1,0,0,0.0
0,0.9999999,85,0,5.0,,1,0,0,0,
0,0.074903641,43,0,1774.0,,14,0,1,0,0.0
0,0.0,67,0,0.266278078,14067.0,10,0,3,0,2.0
0,0.004966501,70,0,13.0,0.0,3,0,0,0,0.0
0,0.9999999,29,0,0.156614462,3000.0,2,0,1,0,1.0
0,0.262035494,45,0,1.162335677,6541.0,14,0,3,0,0.0
0,0.276037685,61,0,0.990401536,6250.0,22,0,2,0,1.0
0,0.023864848,59,0,0.437179141,3700.0,10,0,1,0,0.0
0,0.0,40,0,0.096405618,4200.0,6,0,0,0,1.0
0,0.747640772,54,1,2019.0,,10,0,2,0,3.0
0,0.018054715,62,0,28.0,,4,0,0,0,0.0
0,0.058660149,23,0,0.059100265,3400.0,5,0,0,0,0.0
0,0.001884543,63,0,3069.0,,8,0,1,0,0.0
0,0.022398507,79,0,0.001874609,4800.0,7,0,0,0,0.0
0,0.364290203,60,1,2686.0,,8,0,1,0,0.0
0,0.0,72,0,0.0,10000.0,16,0,0,0,0.0
0,0.743170386,56,0,0.32838619,6400.0,7,0,1,0,1.0
0,0.856391373,44,0,0.248068978,5566.0,5,0,1,0,1.0
0,0.0456621,45,0,0.712821795,4000.0,7,0,2,0,2.0
0,0.075346233,37,0,2728.0,,6,0,2,0,0.0
0,0.093840346,59,0,0.667822893,4900.0,7,0,2,0,0.0
0,0.162990002,33,0,0.132384126,3300.0,5,0,0,0,0.0
0,0.311434718,64,0,0.383294992,5650.0,7,0,1,0,0.0
0,0.318947277,33,0,0.15137202,4445.0,8,0,0,0,0.0
0,0.011546733,52,0,0.691692581,6752.0,9,0,1,0,1.0
0,0.000520637,40,0,0.296595858,11250.0,10,0,1,0,3.0
0,0.176383726,68,2,0.034321893,3000.0,3,0,0,0,1.0
0,0.154975822,42,0,0.032053316,3150.0,4,0,0,0,0.0
1,0.463443376,42,0,1321.0,,17,0,0,0,0.0
0,0.003573238,50,1,0.52218909,5700.0,8,0,2,0,0.0
0,0.088421936,45,0,0.580776882,9550.0,18,0,3,0,0.0
0,0.475352733,45,0,0.251693308,7381.0,12,0,0,0,0.0
0,0.879658244,43,2,0.076617275,8300.0,7,0,0,0,0.0
0,0.09163397,64,0,101.0,,3,0,0,0,0.0
0,0.006735397,60,0,1353.0,,11,0,2,0,0.0
0,0.068052112,59,0,1971.0,0.0,23,0,2,0,0.0
0,0.288933809,52,0,0.707063197,4034.0,9,0,1,0,0.0
0,0.0,53,0,0.201612903,5083.0,9,0,0,0,0.0
0,0.346573504,44,0,0.714983216,3276.0,4,0,1,0,2.0
0,0.474164814,54,0,0.438056554,6400.0,12,0,2,0,3.0
0,0.022246202,47,1,0.271432142,4000.0,18,0,1,0,5.0
0,0.293323556,73,0,1940.0,,5,0,1,0,0.0
0,0.166799093,51,0,0.14717363,6916.0,9,0,1,0,2.0
0,0.138692302,52,0,18.71287129,100.0,7,0,1,0,0.0
0,0.276410549,44,0,0.080976864,6223.0,4,0,0,0,2.0
0,0.008582206,53,0,1.544761905,1049.0,25,0,1,0,0.0
0,0.317365269,27,0,0.062897791,2670.0,1,0,0,0,0.0
0,0.994001,47,1,0.152457651,3600.0,5,0,0,0,1.0
0,0.0,70,0,0.000184689,10828.0,5,0,0,0,0.0
0,0.093447921,35,0,0.595563658,3290.0,10,0,0,0,0.0
0,0.293011919,46,0,0.095226193,4000.0,8,0,0,0,0.0
1,0.278944984,39,0,0.066312326,3950.0,3,0,0,0,3.0
0,0.019527507,56,0,0.220975447,9000.0,7,0,2,0,1.0
0,0.0,68,0,123.0,,17,0,0,0,0.0
0,0.031037674,44,0,0.371578553,8000.0,8,0,1,0,3.0
0,0.603817314,73,1,0.129011777,31500.0,12,0,0,0,1.0
0,0.040175714,40,0,0.48993001,7000.0,8,0,1,0,2.0
0,0.04052183,57,0,0.264563577,5166.0,6,0,1,0,1.0
0,0.011809914,63,0,0.257338358,10083.0,9,0,2,0,1.0
0,0.0,80,0,0.0,3300.0,3,0,0,0,0.0
0,0.0,45,0,0.40409576,10400.0,7,0,1,0,2.0
0,0.9999999,77,0,820.0,0.0,2,0,2,0,0.0
0,0.776489404,35,1,0.32503888,4500.0,4,0,1,0,1.0
0,0.995006242,43,0,0.010082493,3272.0,4,2,0,0,2.0
0,0.070246488,54,0,1642.0,,4,0,1,0,0.0
0,0.19550075,58,0,0.198504246,7888.0,10,0,0,0,0.0
0,0.028448724,65,0,0.233204633,5179.0,11,0,1,0,1.0
0,0.221191152,48,0,0.314785131,13100.0,11,0,2,0,1.0
0,0.383002073,54,0,0.07700486,6583.0,7,0,0,0,0.0
0,0.0,54,0,0.74593217,5100.0,10,0,2,0,0.0
0,0.046651649,57,0,12.27860697,200.0,9,0,2,0,0.0
0,0.849212063,61,0,0.402929261,3208.0,7,0,1,0,0.0
0,0.063933587,63,0,3498.0,,7,0,1,0,0.0
1,1.025439128,54,6,0.223806752,3435.0,5,2,0,0,1.0
0,0.343796874,42,0,2020.0,,9,0,1,0,1.0
0,0.765997804,60,0,0.484505165,3000.0,5,0,0,0,0.0
0,0.005504179,63,0,0.379920017,4750.0,7,0,1,0,0.0
0,0.020025553,34,0,0.323419145,4000.0,8,0,1,0,0.0
0,0.672744686,49,0,6293.0,,16,0,3,0,2.0
1,0.637932849,29,2,0.492922565,1200.0,13,0,0,1,0.0
0,0.992308876,55,0,2.19502244,2450.0,8,0,3,0,0.0
0,0.504152377,42,0,0.559110222,4000.0,15,0,2,0,1.0
0,0.048482451,80,0,0.089294949,5800.0,4,0,0,0,1.0
0,0.104295351,72,0,0.594677742,6500.0,10,0,2,0,0.0
0,0.9999999,70,0,0.429075512,4250.0,5,0,1,0,2.0
0,0.033176148,76,0,0.01010453,2869.0,5,0,0,0,0.0
0,0.300674831,27,0,0.100807331,4582.0,7,0,0,0,0.0
0,1.020178149,39,1,0.746260388,1804.0,7,1,1,0,2.0
0,0.790500913,39,1,0.776838966,4023.0,11,0,1,0,0.0
0,0.448527983,45,0,0.281731475,12266.0,17,0,2,0,0.0
0,0.0,35,0,0.0,,2,0,0,0,0.0
0,0.986280549,45,0,0.744842233,3295.0,8,0,2,0,0.0
0,0.068860714,48,0,0.457614404,13329.0,12,0,2,0,0.0
0,0.012052783,88,0,0.007495901,4268.0,7,0,0,0,0.0
0,0.023143768,55,0,2022.0,,12,0,1,0,0.0
0,0.799428688,45,3,0.128190367,5210.0,3,0,0,0,3.0
0,0.812204426,65,0,0.741833828,16500.0,16,0,3,0,3.0
0,0.0,77,0,0.0,2696.0,3,0,0,0,0.0
0,0.755411475,58,0,0.292108082,8400.0,7,0,2,0,3.0
0,0.338283689,50,2,0.209872894,3382.0,8,0,1,1,3.0
0,0.9999999,55,1,1146.0,,1,1,0,0,
0,0.113154466,40,0,414.0,1.0,9,0,0,0,1.0
0,0.251183514,59,0,0.054451975,8557.0,9,0,0,0,2.0
0,0.952227323,35,2,0.234442338,5800.0,13,1,0,0,0.0
0,0.008252466,32,0,0.6319619,7558.0,8,0,2,0,0.0
0,0.127867894,54,0,2178.0,0.0,7,0,1,0,0.0
0,0.134312077,63,0,0.237687813,9583.0,8,0,2,0,0.0
0,0.929535232,62,0,0.318636023,8005.0,10,0,1,0,0.0
0,0.287267036,49,0,0.243629134,5532.0,5,0,0,0,0.0
0,0.007099251,54,0,0.096660579,7665.0,4,0,1,0,3.0
0,0.0,49,1,1515.0,,8,0,1,1,1.0
0,0.9999999,58,0,0.0,3750.0,0,0,0,0,0.0
0,1.011848504,51,0,0.223190933,5734.0,4,1,0,0,1.0
0,0.014940737,83,0,0.006041222,2813.0,3,0,0,0,1.0
0,0.9999999,63,0,0.032477402,12500.0,6,0,1,0,0.0
0,0.0029994,42,0,178.0,,2,0,1,0,0.0
0,0.301486296,64,1,0.318468153,10000.0,13,0,1,0,1.0
0,0.9999999,48,0,0.102711783,4166.0,3,0,0,0,0.0
0,0.005902151,45,0,0.107315447,6000.0,4,0,0,0,2.0
0,0.407652185,61,0,0.47035819,11250.0,18,0,1,0,1.0
0,0.044043028,61,0,1758.0,,6,0,1,0,2.0
0,0.992394116,35,1,0.54335095,7000.0,13,0,1,0,1.0
0,0.062315173,51,0,814.0,,12,0,0,0,0.0
0,0.130920452,59,0,0.049105655,9000.0,5,0,0,0,1.0
0,0.260831546,52,0,2114.0,,25,0,2,0,0.0
0,0.96950305,66,0,0.754520167,2875.0,5,0,1,0,0.0
0,0.410499489,45,0,0.478572342,7816.0,11,0,1,0,1.0
0,0.512911005,38,1,0.194280908,3566.0,3,0,0,0,0.0
0,0.283879195,59,0,0.287714988,4069.0,8,0,1,0,0.0
0,0.0,58,1,494.0,,6,0,0,0,0.0
1,0.9999999,28,0,0.036973345,1162.0,2,0,0,0,1.0
0,0.9999999,49,1,0.169006893,3916.0,5,0,0,0,0.0
0,0.142352392,57,1,2.761477046,1001.0,6,0,1,0,2.0
0,1.091181603,70,0,0.76124422,4757.0,14,0,2,0,1.0
0,0.9999999,52,0,1062.0,,4,3,1,0,0.0
0,0.098369538,32,1,0.272183293,12700.0,12,0,1,1,1.0
0,0.9999999,60,5,0.952392288,4200.0,6,1,2,2,0.0
1,0.978007331,37,1,0.373320837,3200.0,8,1,0,0,0.0
0,0.239944001,61,0,0.491167921,13416.0,8,0,2,0,1.0
0,0.0,60,0,558.0,,6,0,1,0,0.0
0,0.008564714,64,0,0.193606723,18800.0,17,0,2,0,1.0
0,0.0,41,0,0.596219153,8833.0,14,0,4,0,1.0
0,0.019153961,49,0,0.201025979,33333.0,6,0,3,0,4.0
0,0.0,46,0,0.168433808,3300.0,4,0,0,0,2.0
0,0.020619835,73,0,372.0,,9,0,0,0,0.0
0,0.9999999,32,0,1193.0,,4,1,0,0,0.0
0,0.050925587,60,0,0.176877724,3900.0,8,1,0,0,2.0
0,0.450755076,66,0,7905.0,,13,0,4,0,0.0
0,0.0,40,0,0.0,4666.0,1,0,0,0,0.0
0,0.022981977,56,0,0.163069316,10516.0,11,0,1,0,0.0
0,0.593673302,46,1,0.671255368,7917.0,20,0,2,0,1.0
0,0.361839945,49,0,0.192733939,12000.0,9,0,1,0,1.0
0,0.158681181,64,0,0.413655192,7000.0,7,0,2,0,0.0
0,0.063433535,31,0,1197.0,,3,0,1,0,0.0
0,0.109193471,52,1,0.355980003,7800.0,10,1,1,0,0.0
0,0.465831632,80,0,0.255938697,2609.0,6,0,0,0,0.0
0,0.062945712,65,0,0.121428571,5459.0,4,0,1,0,0.0
0,0.248232139,29,1,0.603798734,3000.0,3,0,1,0,1.0
0,0.01349865,57,0,0.024861737,78111.0,9,0,2,0,0.0
0,0.333835882,51,0,1.184159938,2600.0,15,0,2,0,2.0
0,0.313242373,50,0,1.119507091,4300.0,13,0,2,0,2.0
0,0.501874787,46,0,0.305711786,8000.0,8,0,2,0,2.0
0,0.108100416,37,0,1347.0,,6,0,1,0,4.0
0,0.95030497,28,0,0.385576377,1760.0,10,0,0,0,0.0
0,0.359162631,24,0,0.108648414,2300.0,3,0,0,0,0.0
0,0.000948381,54,0,0.04486567,45000.0,9,0,3,0,0.0
1,0.9999999,29,1,0.0,5300.0,0,0,0,0,1.0
0,0.074228866,41,0,2.295881647,2500.0,16,0,7,0,0.0
0,0.11823528,45,0,5228.0,,4,0,2,0,0.0
0,0.0,55,0,0.0,8416.0,3,0,0,0,0.0
0,0.041665448,46,0,0.205349905,3700.0,6,0,1,0,0.0
0,0.04679883,46,0,0.802195568,4918.0,11,0,4,0,0.0
0,0.9999999,54,0,0.245094409,2700.0,3,0,0,0,0.0
0,0.0,24,1,0.0,820.0,1,0,0,0,0.0
0,0.196566953,66,0,0.979717813,1133.0,6,0,0,0,0.0
0,0.077340952,44,1,0.670938215,4369.0,11,0,2,0,1.0
0,0.719163334,38,0,0.078150521,7958.0,5,0,0,0,0.0
0,0.487782139,53,0,0.26171187,17033.0,9,0,3,0,1.0
0,0.07967013,62,1,0.274080658,9000.0,29,0,1,0,0.0
0,0.038711521,30,0,0.647784072,3000.0,4,0,1,0,0.0
1,0.0,45,2,0.084254144,2895.0,2,0,0,0,2.0
0,0.091514143,53,3,1647.0,,4,1,1,2,0.0
0,0.812187812,47,0,0.33092606,18000.0,6,0,4,0,3.0
0,0.950820697,56,1,0.662900849,14250.0,11,0,2,0,1.0
0,0.163142106,56,0,0.134621793,3000.0,5,0,1,0,0.0
0,0.066779705,47,0,0.110274153,11416.0,7,0,1,0,2.0
0,0.048279247,42,0,1293.0,,11,0,2,0,0.0
0,0.030088711,44,0,2784.0,,16,0,2,0,0.0
0,0.00922054,53,0,1577.0,,3,0,1,0,0.0
0,0.008542159,62,0,0.241903934,4600.0,5,0,1,0,0.0
0,0.578961489,76,0,0.842278564,3036.0,12,0,1,0,0.0
0,0.476576171,40,0,0.397273978,7996.0,5,0,2,0,1.0
0,0.007936613,49,0,0.124928629,8756.0,9,0,0,0,2.0
0,0.927516474,47,0,0.988924051,7583.0,9,0,6,0,3.0
0,0.165922272,42,1,0.105885026,4400.0,5,0,0,0,2.0
0,0.942588053,60,0,338.0,,14,0,0,0,
0,0.14552902,47,0,0.353797579,5700.0,20,0,1,0,0.0
0,0.074185163,52,0,590.0,,9,0,1,0,0.0
0,0.026130036,55,0,0.228825779,15950.0,18,0,2,0,0.0
0,0.552413771,43,1,0.433543791,6176.0,12,0,1,0,1.0
0,0.001518949,49,0,0.269297737,6891.0,5,0,1,0,1.0
0,0.0,42,0,0.25805316,5680.0,10,0,2,0,0.0
0,0.115721595,31,0,0.302024747,5333.0,12,0,2,0,0.0
1,0.123953206,54,2,0.96992596,13100.0,24,0,6,0,4.0
0,0.0,47,0,0.27837773,12500.0,6,0,2,0,2.0
0,0.220750629,63,0,0.507904337,7400.0,12,0,2,0,0.0
0,0.07501239,61,0,0.088961262,5833.0,4,0,1,0,1.0
0,0.02406012,76,0,1.419720187,1500.0,9,0,2,0,1.0
0,0.0,61,1,0.248152059,2840.0,10,0,0,0,0.0
0,0.556474706,46,0,0.598207618,6694.0,6,0,2,0,3.0
0,0.040673864,74,0,0.22513089,2100.0,4,0,1,0,0.0
0,0.014972272,75,0,0.006188512,6301.0,11,0,0,0,0.0
0,1.017853955,58,1,0.796340493,2513.0,9,0,1,0,0.0
0,0.543896875,63,0,0.481353326,2600.0,8,0,1,0,0.0
0,0.069546252,44,0,0.079168333,2500.0,7,0,0,0,2.0
0,0.793082818,47,0,0.503490691,6015.0,10,0,1,1,0.0
0,0.00179988,63,0,0.0,4500.0,4,0,0,0,2.0
0,0.692405755,58,1,0.629712546,11166.0,20,0,2,1,0.0
0,0.041259076,45,0,0.183635518,2150.0,6,0,0,0,3.0
0,0.290414742,31,0,0.356623245,5910.0,3,0,1,0,1.0
0,0.600126115,29,0,0.232245681,2083.0,4,0,0,0,0.0
0,0.006938931,59,0,0.097370137,4600.0,12,0,0,0,1.0
0,0.354327399,28,0,0.151539384,2500.0,4,0,0,0,1.0
0,0.378417867,60,0,0.542280838,3866.0,9,0,2,0,0.0
0,0.005865482,59,0,5909.0,,10,0,4,0,2.0
0,0.084383123,39,0,290.0,,2,0,0,0,0.0
0,0.359541199,31,2,0.424831849,5500.0,8,0,1,0,1.0
0,0.0,69,0,783.0,,7,0,2,0,0.0
1,0.498646374,61,0,0.215338603,4680.0,13,1,0,0,0.0
0,0.004405722,48,0,0.000465008,4300.0,4,0,0,0,0.0
0,0.035643388,80,0,0.147693948,3750.0,7,0,1,0,1.0
0,0.060541285,48,0,0.367868727,5240.0,6,0,1,0,2.0
0,0.462859697,63,0,0.27909759,5850.0,5,0,2,0,0.0
0,0.036906265,68,0,0.07870602,5996.0,12,0,1,0,0.0
0,0.137609462,49,0,0.429533892,7272.0,11,0,2,0,0.0
0,0.0,31,0,388.0,,2,0,1,0,0.0
0,0.281406354,67,0,0.616139586,1833.0,11,0,0,0,0.0
0,0.095416277,46,0,0.229738354,4700.0,5,0,1,0,0.0
0,0.9999999,72,1,0.462543322,3750.0,11,0,1,0,0.0
0,0.1541108,30,0,0.856699431,1932.0,11,0,0,0,0.0
1,0.056483498,40,1,0.507411908,4114.0,20,0,1,0,2.0
0,0.9999999,36,0,0.016419324,3166.0,0,0,0,0,0.0
0,0.015693188,56,0,2112.0,,7,0,2,0,0.0
0,0.007139369,54,0,0.121536004,18150.0,5,0,2,0,4.0
0,0.0,73,0,0.025603511,4100.0,7,0,0,0,0.0
0,0.01279488,65,0,0.324656393,4801.0,14,0,1,0,0.0
0,0.00646884,66,0,0.048756906,7239.0,23,0,0,0,0.0
0,0.048092692,44,0,0.288948069,8260.0,12,0,4,0,0.0
0,0.25163128,48,0,0.24240482,7800.0,10,0,1,0,0.0
0,0.9999999,46,0,1519.0,,1,2,1,0,0.0
0,0.0,68,0,0.344049823,5940.0,9,0,1,0,1.0
0,0.018164574,58,0,0.005580098,4300.0,10,0,0,0,0.0
0,0.672517218,41,0,0.217515469,2100.0,6,0,0,0,2.0
0,0.0,63,0,0.0,530.0,5,0,0,0,0.0
1,0.9999999,64,0,0.0,9000.0,0,0,0,0,0.0
0,0.218750368,65,0,0.542900676,10500.0,11,0,4,0,1.0
0,0.0,65,0,453.0,,5,0,0,0,1.0
0,0.952956684,48,0,0.367271037,8603.0,6,0,3,0,3.0
0,0.024271296,54,0,0.062250499,8015.0,18,0,0,0,0.0
0,0.482084329,36,2,1002.0,,6,0,0,0,0.0
0,0.087563364,82,0,0.00409959,10000.0,3,0,0,0,1.0
0,0.000596852,53,0,0.008658009,9932.0,9,0,0,0,0.0
0,0.997167139,35,0,0.537444934,3177.0,5,0,2,0,1.0
0,0.616054181,69,0,0.216801062,9796.0,9,0,0,0,1.0
0,0.623562336,56,0,0.545754199,6370.0,18,0,2,0,0.0
0,0.025062187,48,0,0.405711389,5917.0,12,0,2,0,3.0
0,0.246933886,44,0,1.149508039,8333.0,14,0,7,0,2.0
0,0.0,60,0,5368.0,,3,0,2,0,0.0
0,0.101515428,54,0,0.412517497,5000.0,9,0,2,0,0.0
0,0.063916697,49,0,0.382861714,10000.0,11,0,3,0,2.0
0,0.745169684,49,0,1.309005165,4452.0,3,0,1,0,0.0
0,0.026026968,33,0,0.184294872,3119.0,11,0,0,0,0.0
0,0.019887243,55,0,0.493494042,7300.0,18,0,2,0,2.0
0,0.953410982,41,0,0.011541073,1472.0,1,0,0,0,0.0
0,0.535193405,56,0,346.0,,8,0,0,0,0.0
0,0.037440036,38,0,1658.0,,8,0,1,0,0.0
0,0.9999999,61,0,0.386348487,7500.0,12,0,2,0,0.0
0,0.9999999,38,0,0.144834658,3900.0,1,0,0,0,3.0
0,0.214947849,45,0,0.34085213,5585.0,10,0,1,0,2.0
0,0.009897123,64,0,0.713701431,4400.0,14,0,2,0,1.0
0,0.0,51,0,0.326159538,22163.0,8,0,3,0,2.0
0,0.154839718,36,0,1828.0,,5,0,1,0,
0,0.022119056,78,0,0.095419484,10500.0,16,0,1,0,0.0
0,0.004128766,75,0,53.0,,4,0,0,0,
0,0.9999999,58,1,309.0,,5,0,0,0,0.0
0,0.427352899,43,0,0.500282965,7067.0,8,0,2,0,0.0
0,0.077228811,32,0,0.440429136,7083.0,13,0,2,0,0.0
0,0.0,48,0,0.0,,2,0,0,0,0.0
0,0.136350755,55,0,206.0,,6,0,0,0,0.0
0,0.001396781,103,0,1798.5,1.0,11,0,2,0,0.0
0,0.301585491,53,1,0.801351859,2662.0,15,0,2,1,1.0
0,0.233692029,38,0,0.174179968,5700.0,5,0,0,0,4.0
0,0.118601696,47,0,7.960199005,200.0,10,0,2,0,2.0
0,0.078541435,57,0,0.020326223,7969.0,8,0,0,0,0.0
1,0.9999999,51,0,0.003745318,1334.0,1,0,0,0,0.0
0,0.003071735,61,0,0.000970685,5150.0,9,0,0,0,1.0
1,0.958300914,37,0,0.454187087,9385.0,13,0,3,0,2.0
0,0.587206397,23,0,0.049939099,820.0,4,0,0,0,0.0
0,0.363342031,58,0,1.020408163,2400.0,10,0,1,0,0.0
0,0.009499683,70,0,8.0,,1,0,0,0,
0,0.026343011,56,0,70.0,,1,0,0,0,0.0
0,0.853829234,28,0,0.196168263,2400.0,3,0,0,0,0.0
0,0.089004461,66,0,761.0,,7,0,1,0,0.0
0,0.540306462,33,0,0.404016693,3833.0,4,0,1,0,0.0
0,0.878024395,51,0,0.237758831,4104.0,5,0,0,0,0.0
0,0.172924017,66,0,0.589343247,4034.0,14,0,2,0,0.0
0,0.055172852,76,0,3313.0,,4,0,1,0,0.0
0,0.991271227,50,0,1026.0,,3,0,1,0,0.0
0,0.0,68,0,1676.0,,7,0,2,0,0.0
0,0.041665448,46,0,1.604697651,2000.0,5,0,1,0,0.0
0,0.0,53,0,1840.0,,4,0,1,0,
0,0.041377086,88,0,0.339503484,4591.0,7,0,2,0,0.0
0,0.182108201,49,1,0.451818885,5167.0,28,0,1,0,2.0
0,0.357081804,53,0,0.54950007,7100.0,17,0,2,0,3.0
0,0.698762036,39,2,0.036499254,10054.0,3,0,0,0,3.0
0,1.077784443,40,3,0.183189655,2783.0,4,3,0,0,0.0
0,0.062143855,39,0,0.463014794,2500.0,6,0,0,0,2.0
1,0.537417139,38,1,2748.0,,5,3,1,3,0.0
0,0.288404149,51,0,0.359279402,5883.0,10,0,2,0,1.0
0,0.857232766,36,2,5195.0,,16,0,2,1,0.0
0,0.419373196,51,0,0.236705702,10417.0,8,0,2,0,3.0
0,0.017628324,59,0,0.001166472,6000.0,1,0,0,0,0.0
0,0.006354005,47,0,0.206820983,7300.0,10,0,1,0,0.0
0,0.0,51,0,0.0,6200.0,2,0,0,0,2.0
0,0.025813921,63,0,0.354299218,5500.0,17,0,2,0,1.0
0,0.112855258,64,0,0.307576329,2652.0,6,0,1,0,0.0
0,0.0,43,0,0.0,,3,0,0,0,
0,0.263473054,24,0,0.043304464,1500.0,3,0,0,0,0.0
0,0.117366095,43,0,0.828167482,3677.0,8,0,1,0,2.0
0,0.9999999,28,0,0.175412294,2000.0,1,0,0,0,0.0
0,0.052515791,82,0,0.094120784,7500.0,6,0,1,0,0.0
0,0.052655844,66,0,4389.0,,15,0,1,0,0.0
0,0.353697443,50,0,0.418619379,3157.0,16,0,1,0,0.0
1,1.201554692,27,3,0.264273504,2924.0,7,0,0,0,0.0
0,0.523356915,62,0,0.221117587,8750.0,10,0,1,0,0.0
0,0.395300057,51,0,0.658041752,3400.0,17,0,1,0,1.0
0,0.028280514,67,0,0.021956479,5100.0,6,0,0,0,0.0
0,0.048212574,38,1,0.293731041,3955.0,7,0,0,0,0.0
0,0.020684215,81,0,0.288888889,179.0,8,0,0,0,0.0
0,0.727267046,39,2,0.292958149,7000.0,9,0,1,0,2.0
0,0.635218841,58,0,6665.0,,17,0,3,0,0.0
0,0.886002886,33,0,0.664359329,6500.0,7,0,2,0,1.0
0,0.426187722,41,0,0.412698413,5417.0,7,0,1,1,4.0
0,0.004908868,85,0,0.000286999,10452.0,4,0,0,0,0.0
0,0.38220874,59,0,0.31359289,10350.0,8,0,2,0,3.0
0,0.070453117,28,0,0.178638351,1600.0,3,0,0,0,0.0
0,0.710993884,36,1,0.390777516,11883.0,8,0,1,0,3.0
0,0.0,57,0,0.220157493,24000.0,11,0,2,0,2.0
0,0.292411954,76,0,0.132238942,2192.0,5,0,0,0,0.0
0,0.00719928,31,0,0.408795963,4160.0,8,0,1,0,0.0
0,0.089676413,35,0,0.210866057,5576.0,2,0,1,0,0.0
0,0.031510123,46,1,0.006273764,5259.0,5,0,0,0,0.0
0,0.151445617,73,0,1.048173144,4296.0,11,0,2,0,0.0
1,0.9430539,60,0,0.337521956,7400.0,9,0,1,0,2.0
0,0.152442474,59,0,0.292005983,6016.0,6,0,2,0,0.0
0,0.025532482,72,0,22.0,,9,0,0,0,0.0
0,0.035142686,78,1,0.03996004,1000.0,9,0,0,0,0.0
0,0.242186449,44,0,0.375310777,9250.0,9,0,2,0,2.0
0,0.152021799,55,0,0.379814725,2050.0,9,0,1,0,0.0
0,0.0,62,0,1753.0,,11,0,1,0,0.0
0,0.225949961,32,0,0.334605113,2620.0,4,0,2,0,0.0
0,0.9999999,42,0,0.356657337,2500.0,5,0,0,0,0.0
0,0.083964915,55,0,0.283287285,17010.0,15,0,3,0,1.0
0,0.9999999,32,0,0.0,2460.0,0,1,0,0,1.0
0,0.005701885,79,0,4.0,,5,0,0,0,0.0
0,0.339005757,65,0,0.140857393,8000.0,14,0,1,0,0.0
0,0.003730773,53,0,0.326790972,8151.0,12,0,3,0,0.0
0,0.424155196,44,0,0.45225091,12083.0,11,0,3,0,2.0
0,0.415069635,60,0,0.64453125,4351.0,8,0,2,0,0.0
0,0.9999999,32,0,0.93722511,2500.0,9,0,1,0,0.0
0,0.023909947,63,0,1064.0,,8,0,1,0,
0,0.066143755,35,0,0.41551207,7000.0,8,0,2,0,4.0
0,0.019161476,51,0,0.587655074,9833.0,6,0,3,0,0.0
1,0.32733668,43,0,0.521534176,14000.0,10,0,2,0,3.0
0,0.039875696,43,0,0.414436035,10833.0,7,0,3,0,2.0
0,0.094468588,48,0,0.233153369,5000.0,6,0,1,0,2.0
0,0.861764164,35,0,0.432856714,10000.0,12,0,2,0,0.0
0,0.641374345,55,0,2256.0,,3,0,2,0,0.0
0,0.277682774,66,0,0.120631342,12417.0,10,0,1,0,0.0
0,0.640975449,50,0,0.3856024,6000.0,7,0,1,0,0.0
0,0.0,24,1,0.601156069,864.0,3,0,0,0,0.0
0,0.060321283,35,0,0.123309897,5546.0,8,0,0,0,0.0
0,0.9999999,27,0,0.064623584,1500.0,2,0,0,0,0.0
0,0.553629758,33,0,0.357559444,4457.0,10,0,1,0,0.0
0,0.420216445,34,0,0.427312775,4085.0,9,0,0,0,2.0
0,0.018540622,68,0,0.489640131,916.0,5,0,0,0,0.0
0,0.012553429,63,0,0.018392643,2500.0,10,0,0,0,0.0
0,0.136425708,33,1,0.550898204,500.0,7,0,0,0,0.0
0,0.0,39,0,0.275649267,11666.0,11,0,2,0,1.0
0,0.243978784,40,0,0.45697965,2800.0,8,0,2,0,0.0
0,0.32137673,84,2,0.183613753,4100.0,18,0,0,0,0.0
0,0.291440761,34,0,0.266369558,5833.0,5,0,1,0,1.0
0,0.024866114,73,0,33.0,,3,0,0,0,0.0
0,0.812923974,59,1,0.318296054,7957.0,10,0,1,0,1.0
0,0.9999999,55,1,0.307199647,9055.0,5,0,2,0,2.0
0,0.9999999,46,0,0.025177689,8300.0,3,0,1,0,2.0
0,0.9999999,50,0,0.0,2666.0,0,0,0,1,0.0
0,0.004478831,65,0,0.03912444,5801.0,12,0,1,0,0.0
0,0.0,71,0,0.02733073,10500.0,17,0,0,0,0.0
0,0.680541034,69,0,2304.0,,16,0,1,0,0.0
0,0.02311494,69,0,2076.0,,7,0,1,0,0.0
0,0.114170378,53,0,0.675639155,18500.0,18,0,8,0,2.0
0,0.996732528,60,0,0.602848101,7583.0,16,0,1,1,2.0
1,0.915867003,35,0,1457.0,,15,0,0,0,0.0
0,0.172436925,57,0,0.622603933,4016.0,19,0,1,0,2.0
0,0.0,47,0,0.412088529,8900.0,9,0,1,0,3.0
0,0.966953624,37,0,0.263360246,2600.0,6,0,0,0,3.0
0,0.947370758,56,0,0.161408601,13090.0,5,0,1,0,1.0
0,0.9999999,39,2,2002.0,,2,0,1,1,0.0
0,0.000841723,43,0,0.153688525,3415.0,13,0,2,0,0.0
0,0.270820502,44,0,0.587004061,3200.0,11,0,2,0,1.0
0,0.005856725,68,0,1586.0,,5,0,1,0,0.0
0,0.039236541,35,0,0.277244723,9900.0,14,0,1,0,1.0
0,0.429070538,40,0,307.0,,3,0,0,0,0.0
0,0.058573536,51,0,0.653875138,17250.0,13,0,4,0,0.0
0,0.005748274,35,0,0.446221511,2500.0,15,0,2,0,3.0
0,0.9999999,37,0,0.268503512,1850.0,2,0,0,0,0.0
0,0.301257727,63,0,1.534550196,2300.0,5,0,1,0,0.0
0,0.137699855,65,0,974.0,,10,0,1,0,0.0
0,0.030284464,31,0,0.475504899,5000.0,15,0,1,0,0.0
0,0.000763609,89,0,1.0,,5,0,0,0,0.0
0,0.0,56,0,0.268771471,6112.0,8,0,1,1,0.0
0,0.9999999,42,0,2336.0,,3,0,1,0,0.0
0,0.14801787,65,0,0.958619001,4083.0,14,0,6,0,0.0
0,0.233870458,47,0,2039.0,,11,0,0,0,1.0
0,0.489441052,65,0,0.257541133,4375.0,9,0,1,0,0.0
0,0.356521381,34,0,715.0,,8,0,0,0,0.0
0,0.033870766,41,0,0.294341132,5000.0,6,0,2,0,0.0
0,0.041078861,29,0,0.119078605,7683.0,5,0,0,0,1.0
1,0.792218319,49,1,0.680746863,3266.0,9,1,1,2,0.0
0,0.331210438,39,1,0.216556689,5000.0,8,0,0,0,4.0
0,0.005587124,37,0,0.094984169,6000.0,9,0,0,0,3.0
0,0.102034508,60,0,0.371271855,5833.0,10,0,1,0,1.0
0,0.2328918,50,0,0.491439149,2160.0,7,0,2,0,2.0
0,0.045232787,62,0,0.412298387,1983.0,34,1,1,0,0.0
1,0.893810429,47,6,0.238079323,8975.0,12,0,0,2,3.0
0,0.198937173,39,0,0.479152085,10000.0,4,0,2,0,1.0
0,0.327622111,42,0,0.413528824,3000.0,11,0,2,0,0.0
0,0.961807638,44,1,0.294234592,3520.0,6,0,1,0,2.0
0,0.162063966,51,0,0.400099994,16000.0,12,0,2,0,2.0
0,0.371838847,64,0,0.153925266,2916.0,3,0,0,0,0.0
0,0.110467661,38,1,0.202753634,13000.0,11,0,2,0,2.0
0,0.988839473,39,0,0.164106066,8786.0,4,0,0,0,4.0
0,1.015316326,55,1,0.31875,6879.0,6,0,1,0,1.0
0,0.25454909,75,0,0.802158273,1667.0,10,0,1,0,0.0
0,0.0,48,0,0.356382181,6666.0,6,0,2,0,1.0
0,0.201123048,34,0,0.071576334,7250.0,9,0,0,0,0.0
0,0.125262025,33,0,0.724219676,2530.0,7,0,1,0,2.0
0,0.9999999,35,1,0.489742241,1900.0,6,0,0,0,0.0
0,0.951592226,40,0,2045.0,,5,0,0,0,3.0
0,0.267577257,33,0,0.950041632,1200.0,6,0,1,0,1.0
1,0.9999999,43,1,0.489461358,1280.0,3,3,0,0,1.0
0,0.926974152,60,0,0.464430468,7154.0,14,0,2,0,1.0
0,0.319972003,50,0,0.900755913,4100.0,23,0,2,0,1.0
0,0.135757285,64,0,0.091323334,15800.0,8,0,1,0,0.0
0,0.10216761,39,0,0.448493619,7600.0,7,0,1,0,0.0
0,0.926799199,81,1,2110.0,,6,0,0,0,0.0
0,0.52794134,27,0,0.973008997,3000.0,12,0,2,0,1.0
0,0.082396317,45,0,0.110991813,7450.0,16,0,1,0,3.0
1,0.246468424,61,5,0.357107149,6000.0,24,0,1,0,0.0
0,0.018486223,50,1,0.136035264,8166.0,7,0,1,0,2.0
0,0.360355332,66,0,0.199707388,2733.0,4,0,0,0,0.0
0,0.035135831,41,0,0.380711302,7900.0,9,0,2,0,1.0
